<?xml version="1.0" encoding="UTF-8"?>
<!DOCTYPE configuration
PUBLIC "-//mybatis.org/DTD Config 3.0//EN"
"http://mybatis.org/dtd/mybatis-3-config.dtd">
<configuration>
	<typeAliases>
		<typeAlias type="com.vo.User" alias="user"/>
	    <typeAlias type="com.vo.Product" alias="product"/>
	    <typeAlias type="com.vo.Player" alias="player"/>
	     <typeAlias type="com.vo.Team" alias="team"/>
	</typeAliases>
	
	<mappers>
		<mapper resource="com/config/usermapper.xml"/>
		<mapper resource="com/config/productmapper.xml"/>
		<mapper resource="com/config/playermapper.xml"/>
		<mapper resource="com/config/teammapper.xml"/>
		
	</mappers>
</configuration>






